title,price_raw,price_num,rating_raw,rating_num,reviews_raw,reviews_num,paint_type,base_type,availability,availability_flag,brand,category,url,scrape_date
"THE ONE All-In-One Paint & Primer - Green Matte, 33.8 Fl Oz/1 Liter | 1 Coat Formula | Easy Indoor & Outdoor Decorating for Home & Garden Walls, Floors & Furniture | Water-Based & Low VOC",$35.16,35.16,4.1 out of 5 stars,4.1,"(24,254)",24254.0,Wall Paint,Water-Based,In Stock,True,Visit the THE ONE Store,Tools & Home Improvement,https://www.amazon.com/One-Paint-Matte-Litre-Undercoat/dp/B07952WMGT/ref=sr_1_1?crid=3E1E8K8OO4Q80&dib=eyJ2IjoiMSJ9.isAICfpjqkN2shfHOMoSgMzAAN825HFEteXtjJEOII0-qNgmMV8G08k1wQeijyVbsH3ikotmn0RbHRoV0iKwVWl-jiHXGR-l7E5px6H8C23-KI_JorN86NzB1PXJ1jY2VpUhVrZDYo4cp7j83USrxiF-l-tecmxwdi7KjnfZjkLNuHahdMl0NVgSoZ3imIiBYEo-1X7HAD4O1VMS1jMj1apvVfl9pRr3bu6h8ojyJgfbeVTFIy64GSbTx5IStdfxYRpje7YJ94zQ6CTB2GdI27PtwWRotTaQSs2_IwiVOLs.CGlPMCG5ePs2cu0UFvGr3CmAu89u7pXT0Z6sffNo-c8&dib_tag=se&keywords=wall+paint&qid=1775413284&refinements=p_n_feature_three_browse-bin%3A17870886011%2Cp_n_feature_twelve_browse-bin%3A12897841%7C12897931&rnid=2246753011&sprefix=wall+paint%2Caps%2C625&sr=8-1,2026-04-05
"Rust-Oleum 267334 Painter's Touch Latex Paint, Quart, Satin Hunt Club Green, 1 Quarts (Pack of 1)",$18.75,18.75,4.5 out of 5 stars,4.5,"(30,763)",30763.0,Wall Paint,Unknown,In Stock,True,Visit the Rust-Oleum Store,Tools & Home Improvement,https://www.amazon.com/Rust-Oleum-267334-Painters-Touch-Quart/dp/B075X25RP5/ref=sr_1_2?crid=3E1E8K8OO4Q80&dib=eyJ2IjoiMSJ9.isAICfpjqkN2shfHOMoSgMzAAN825HFEteXtjJEOII0-qNgmMV8G08k1wQeijyVbsH3ikotmn0RbHRoV0iKwVWl-jiHXGR-l7E5px6H8C23-KI_JorN86NzB1PXJ1jY2VpUhVrZDYo4cp7j83USrxiF-l-tecmxwdi7KjnfZjkLNuHahdMl0NVgSoZ3imIiBYEo-1X7HAD4O1VMS1jMj1apvVfl9pRr3bu6h8ojyJgfbeVTFIy64GSbTx5IStdfxYRpje7YJ94zQ6CTB2GdI27PtwWRotTaQSs2_IwiVOLs.CGlPMCG5ePs2cu0UFvGr3CmAu89u7pXT0Z6sffNo-c8&dib_tag=se&keywords=wall+paint&qid=1775413284&refinements=p_n_feature_three_browse-bin%3A17870886011%2Cp_n_feature_twelve_browse-bin%3A12897841%7C12897931&rnid=2246753011&sprefix=wall+paint%2Caps%2C625&sr=8-2,2026-04-05
"THE ONE All-In-One Paint & Primer - Black Satin, 33.8 Fl Oz/1 Liter | 1 Coat Formula | Easy Indoor & Outdoor Decorating for Home & Garden Walls, Floors & Furniture | Water-Based & Low VOC",$41.95,41.95,4.1 out of 5 stars,4.1,"(24,254)",24254.0,Wall Paint,Water-Based,In Stock,True,Visit the THE ONE Store,Tools & Home Improvement,https://www.amazon.com/ONE-Paint-Interior-Exterior-Undercoat/dp/B077XW59BZ/ref=sr_1_3?crid=3E1E8K8OO4Q80&dib=eyJ2IjoiMSJ9.isAICfpjqkN2shfHOMoSgMzAAN825HFEteXtjJEOII0-qNgmMV8G08k1wQeijyVbsH3ikotmn0RbHRoV0iKwVWl-jiHXGR-l7E5px6H8C23-KI_JorN86NzB1PXJ1jY2VpUhVrZDYo4cp7j83USrxiF-l-tecmxwdi7KjnfZjkLNuHahdMl0NVgSoZ3imIiBYEo-1X7HAD4O1VMS1jMj1apvVfl9pRr3bu6h8ojyJgfbeVTFIy64GSbTx5IStdfxYRpje7YJ94zQ6CTB2GdI27PtwWRotTaQSs2_IwiVOLs.CGlPMCG5ePs2cu0UFvGr3CmAu89u7pXT0Z6sffNo-c8&dib_tag=se&keywords=wall+paint&qid=1775413284&refinements=p_n_feature_three_browse-bin%3A17870886011%2Cp_n_feature_twelve_browse-bin%3A12897841%7C12897931&rnid=2246753011&sprefix=wall+paint%2Caps%2C625&sr=8-3,2026-04-05
"Falling in Art Chalkboard Paint, 16 Oz Black Chalkboard Paint Use on Walls, Doors, Paper, Wood, Ideal for Decorations and DIY Projects",$12.87,12.87,4.6 out of 5 stars,4.6,(70),70.0,Wall Paint,Unknown,In Stock,True,Visit the Falling in Art Store,Tools & Home Improvement,https://aax-us-east-retail-direct.amazon.com/x/c/JCzJM-febUwAs1ZTlNnbY9wAAAGdXuDPpwEAAAH2AQBvbm9fdHhuX2JpZDEgICBvbm9fdHhuX2ltcDEgICD6RtI4/clv1c_ek-wBQXWarbeXj1XZ_sMuu8AyowxcEYvqj5j5hNGtxF8pklyGokzI79u8YoCi1Vf6aYz3A8gobDopi4jdeDCmAEpeiQ9sgzpwut3zOam_Mh0gwIDwgsClm3x1rm0IHg8VrsOLMFEUOY3bfVCoYYi9zGapsG09lXsPkL8zjE6JMacV3YHzBMVZGbsJlYOAahD-2_xq0xGHQtg5Q3dtkJG2-ApGWMVrgKSTebUK5kHwby5BBU-Kn26kLklMnqqjy_GzmMcGl1D3eejf0F2keehqtJgOPuIatNJMsimziNTYabw2rrTcWhRdL5L8eq03ECywk72iBuhRCygw0Qfx17JptoYhdNtcb6pV272CqpcPOn1VqWk7EwiKYmFz__GVng0IbsxSqjQGdMBrjPbt2i4mT15vUZpWD0z-FKTN8qumYV4EgsFGJYOUM8ziaf38qzETguxvhEoBmbJJMAalj7K-lLMw3g89w9Rjx4YCBS7oBw3Ah9zbvt5B6inxRxOUnGjCK_trybLTVTP5UQAqGhHCgzSi1AoN-yA3ZI1Dnav4VQaRs4O_jv3us11ga-fbIbKct4xcNnnyAD9lYPxYcJ44Wi9vjre1lvwyxPEmGNSWP9h0GfUVSer_zwk31IjJoc3B82U511WHwLIY0GxpejjMRzyPQgkpfDLDeiVBvuP7R3nx8EFOeOlsDu2kJpxJO2sqI1QPvyKBATbuPiuByNdguwKczLRbM3spIRe4afvz6tAuGn8s34m0r05qcaComh9jhsn882RFsMj2a2h78vgWQkdU-6DoasRgn0b7sLlW1Ksze25P4lP_jxMjhniAaiLzoXFpHuAsWcoNhv10l9ZxyZhq8JjBQ3PjWvjImF6R2WiPHDAYnoktQmilSb7Zlz8DLVIJ1LbrG0OTmzq1bqxMJbxdlsWDljcFl_J0Ktk5eH4IGzuJ4-JrwLU1YPXWiAu5XFVb3WWy7IWkRdqP4HjwUhHSB-2dA5ndg31vnExXP-lIs0q99oBf4ExjDob-AFVUgHSNJS37w5mgB7pr8dKLErKePoneLCzQGysMKwpAVDNza5-baCRTlx5jcWR7uIN3I_EBDjVxZ-rHbcIt6bET7b35Td38GHrkN0D40K_t-u55eOb3oGz9tmnzKAnTl5YJt--aoMudo95WZsQZ36SFl7huCH9WozGEm4G92YY5_XoZOue5IeOw2RIKCpUk2iBCs_uVrQFMAS2vMX6FBCK5seAc1yyehTGX2_ucu4hmDsk7wyCRaB31vUdzwWBlKy9d-1Xu403LTYK00Ra4jTZkLGhyNX2akaJDLabSw5E01wKu4us5Nbd9duAJ4F-Lab2ccHmGQ2sIakn24Ov2q1gb385qWZWp8nmVrdvisNVybOitFqm9KT4_ZCKElt392tBycuXUA3FSMK8X5ty-CS54L00leUEvDGC1_VRPnFj_vzywEm-nsz53D8G3SgMeJBRhuSz2DVyrLKE_6zAk97SyxkuMuYQsCV2azSrNRWi4-2Fp_NmF3a-sZyYcHqIUdOCNcu584yX7t3GDdiQLC2Kk4cwZgD_n-cNPLu1aWQH2vLFlkekjBLdYVEi9cs79kMlatbi6MGiFaLp3XJls0yo8UJ-SsXr6l0PvnFlDL99R0xy8Xmf0g/https://www.amazon.com/Falling-Art-Chalkboard-Decorations-Projects/dp/B0DZGYGFN4/ref=sxin_17_sbv_search_btf?content-id=amzn1.sym.c8b39f81-ded8-4d75-80c2-6dfa03cbb699%3Aamzn1.sym.c8b39f81-ded8-4d75-80c2-6dfa03cbb699&crid=3E1E8K8OO4Q80&cv_ct_cx=wall+paint&keywords=wall+paint&pd_rd_i=B0DZGYGFN4&pd_rd_r=07c4dcbf-f0e8-4d2b-8bf1-a1d1a223f772&pd_rd_w=IHOSH&pd_rd_wg=LL2qr&pf_rd_p=c8b39f81-ded8-4d75-80c2-6dfa03cbb699&pf_rd_r=RFESP3WJVWV082SSGDBY&qid=1775413284&refinements=p_n_feature_three_browse-bin%3A17870886011%2Cp_n_feature_twelve_browse-bin%3A12897841%7C12897931&rnid=2246753011&sbo=9ZOMT9Jm0JH%2Ft%2BWi68iDSA%3D%3D&sprefix=wall+paint%2Caps%2C625&sr=1-1-5190daf0-67e3-427c-bea6-c72c1df98776,2026-04-05
"Rust-Oleum 376514 Advanced Dry Door & Trim Paint, Quart, Satin Vermont Green",$17.97,17.97,4.6 out of 5 stars,4.6,"(1,820)",1820.0,Wall Paint,Unknown,In Stock,True,Visit the Rust-Oleum Store,Tools & Home Improvement,https://www.amazon.com/Rust-Oleum-376514-Advanced-Paint-Vermont/dp/B0BY3FJWPQ/ref=sr_1_4?crid=3E1E8K8OO4Q80&dib=eyJ2IjoiMSJ9.isAICfpjqkN2shfHOMoSgMzAAN825HFEteXtjJEOII0-qNgmMV8G08k1wQeijyVbsH3ikotmn0RbHRoV0iKwVWl-jiHXGR-l7E5px6H8C23-KI_JorN86NzB1PXJ1jY2VpUhVrZDYo4cp7j83USrxiF-l-tecmxwdi7KjnfZjkLNuHahdMl0NVgSoZ3imIiBYEo-1X7HAD4O1VMS1jMj1apvVfl9pRr3bu6h8ojyJgfbeVTFIy64GSbTx5IStdfxYRpje7YJ94zQ6CTB2GdI27PtwWRotTaQSs2_IwiVOLs.CGlPMCG5ePs2cu0UFvGr3CmAu89u7pXT0Z6sffNo-c8&dib_tag=se&keywords=wall+paint&qid=1775413284&refinements=p_n_feature_three_browse-bin%3A17870886011%2Cp_n_feature_twelve_browse-bin%3A12897841%7C12897931&rnid=2246753011&sprefix=wall+paint%2Caps%2C625&sr=8-4,2026-04-05
"White Touch Up Paint Pen, White Paint for Wall, Door, Cabinets, Furniture, Enamel,Wood (Semi-Gloss, 50ML)",$7.99,7.99,4.3 out of 5 stars,4.3,(137),137.0,Wall Paint,Unknown,In Stock,True,Brand: EzyAce,Tools & Home Improvement,https://www.amazon.com/EzyAce-Cabinets-Furniture-Porcelain-Appliance/dp/B0DN2LBYWP/ref=sr_1_5?crid=3E1E8K8OO4Q80&dib=eyJ2IjoiMSJ9.isAICfpjqkN2shfHOMoSgMzAAN825HFEteXtjJEOII0-qNgmMV8G08k1wQeijyVbsH3ikotmn0RbHRoV0iKwVWl-jiHXGR-l7E5px6H8C23-KI_JorN86NzB1PXJ1jY2VpUhVrZDYo4cp7j83USrxiF-l-tecmxwdi7KjnfZjkLNuHahdMl0NVgSoZ3imIiBYEo-1X7HAD4O1VMS1jMj1apvVfl9pRr3bu6h8ojyJgfbeVTFIy64GSbTx5IStdfxYRpje7YJ94zQ6CTB2GdI27PtwWRotTaQSs2_IwiVOLs.CGlPMCG5ePs2cu0UFvGr3CmAu89u7pXT0Z6sffNo-c8&dib_tag=se&keywords=wall+paint&qid=1775413284&refinements=p_n_feature_three_browse-bin%3A17870886011%2Cp_n_feature_twelve_browse-bin%3A12897841%7C12897931&rnid=2246753011&sprefix=wall+paint%2Caps%2C625&sr=8-5,2026-04-05
"Rust-Oleum 369385 Advanced Dry Door & Trim Paint, Quart, Satin Cranberry",$16.72,16.72,4.6 out of 5 stars,4.6,"(1,820)",1820.0,Wall Paint,Unknown,In Stock,True,Visit the Rust-Oleum Store,Tools & Home Improvement,https://www.amazon.com/Rust-Oleum-369385-Advanced-Paint-Cranberry/dp/B0BY3DZMC6/ref=sr_1_6?crid=3E1E8K8OO4Q80&dib=eyJ2IjoiMSJ9.isAICfpjqkN2shfHOMoSgMzAAN825HFEteXtjJEOII0-qNgmMV8G08k1wQeijyVbsH3ikotmn0RbHRoV0iKwVWl-jiHXGR-l7E5px6H8C23-KI_JorN86NzB1PXJ1jY2VpUhVrZDYo4cp7j83USrxiF-l-tecmxwdi7KjnfZjkLNuHahdMl0NVgSoZ3imIiBYEo-1X7HAD4O1VMS1jMj1apvVfl9pRr3bu6h8ojyJgfbeVTFIy64GSbTx5IStdfxYRpje7YJ94zQ6CTB2GdI27PtwWRotTaQSs2_IwiVOLs.CGlPMCG5ePs2cu0UFvGr3CmAu89u7pXT0Z6sffNo-c8&dib_tag=se&keywords=wall+paint&qid=1775413284&refinements=p_n_feature_three_browse-bin%3A17870886011%2Cp_n_feature_twelve_browse-bin%3A12897841%7C12897931&rnid=2246753011&sprefix=wall+paint%2Caps%2C625&sr=8-6,2026-04-05
"THE ONE All-In-One Paint & Primer - Black Gloss, 33.8 Fl Oz/1 Liter | 1 Coat Formula | Easy Indoor & Outdoor Decorating for Home & Garden Walls, Floors & Furniture | Water-Based & Low VOC",$41.95,41.95,4.1 out of 5 stars,4.1,"(24,254)",24254.0,Wall Paint,Water-Based,In Stock,True,Visit the THE ONE Store,Tools & Home Improvement,https://www.amazon.com/One-Paint-Gloss-Litre-Undercoat/dp/B07955QLBZ/ref=sr_1_7?crid=3E1E8K8OO4Q80&dib=eyJ2IjoiMSJ9.isAICfpjqkN2shfHOMoSgMzAAN825HFEteXtjJEOII0-qNgmMV8G08k1wQeijyVbsH3ikotmn0RbHRoV0iKwVWl-jiHXGR-l7E5px6H8C23-KI_JorN86NzB1PXJ1jY2VpUhVrZDYo4cp7j83USrxiF-l-tecmxwdi7KjnfZjkLNuHahdMl0NVgSoZ3imIiBYEo-1X7HAD4O1VMS1jMj1apvVfl9pRr3bu6h8ojyJgfbeVTFIy64GSbTx5IStdfxYRpje7YJ94zQ6CTB2GdI27PtwWRotTaQSs2_IwiVOLs.CGlPMCG5ePs2cu0UFvGr3CmAu89u7pXT0Z6sffNo-c8&dib_tag=se&keywords=wall+paint&qid=1775413284&refinements=p_n_feature_three_browse-bin%3A17870886011%2Cp_n_feature_twelve_browse-bin%3A12897841%7C12897931&rnid=2246753011&sprefix=wall+paint%2Caps%2C625&sr=8-7,2026-04-05
"Rust-Oleum Serenity Blue Chalked All-in-One Ultra Matte Paint | One Coat Coverage | No Primer, Sanding, Or Topcoat Needed | Easy Clean Up | Made in USA | 30 OZ",$24.99,24.99,4.5 out of 5 stars,4.5,"(51,699)",51699.0,Wall Paint,Unknown,Only 7 left in stock - order soon.,False,Visit the Rust-Oleum Store,Tools & Home Improvement,https://www.amazon.com/Rust-Oleum-285139-Interior-Chalked-Serenity/dp/B00YSK43AG/ref=sr_1_8?crid=3E1E8K8OO4Q80&dib=eyJ2IjoiMSJ9.isAICfpjqkN2shfHOMoSgMzAAN825HFEteXtjJEOII0-qNgmMV8G08k1wQeijyVbsH3ikotmn0RbHRoV0iKwVWl-jiHXGR-l7E5px6H8C23-KI_JorN86NzB1PXJ1jY2VpUhVrZDYo4cp7j83USrxiF-l-tecmxwdi7KjnfZjkLNuHahdMl0NVgSoZ3imIiBYEo-1X7HAD4O1VMS1jMj1apvVfl9pRr3bu6h8ojyJgfbeVTFIy64GSbTx5IStdfxYRpje7YJ94zQ6CTB2GdI27PtwWRotTaQSs2_IwiVOLs.CGlPMCG5ePs2cu0UFvGr3CmAu89u7pXT0Z6sffNo-c8&dib_tag=se&keywords=wall+paint&qid=1775413284&refinements=p_n_feature_three_browse-bin%3A17870886011%2Cp_n_feature_twelve_browse-bin%3A12897841%7C12897931&rnid=2246753011&sprefix=wall+paint%2Caps%2C625&sr=8-8,2026-04-05
"Rust-Oleum 7732502 Stops Rust Brush On Paint, Quart, Satin Hunter Green, (Pack of 1)",$26.91,26.91,4.6 out of 5 stars,4.6,"(2,728)",2728.0,Wall Paint,Unknown,In Stock,True,Visit the Rust-Oleum Store,Tools & Home Improvement,https://www.amazon.com/Rust-Oleum-7732502-Stops-Hunter-Finish/dp/B000LNSKTY/ref=sr_1_9?crid=3E1E8K8OO4Q80&dib=eyJ2IjoiMSJ9.isAICfpjqkN2shfHOMoSgMzAAN825HFEteXtjJEOII0-qNgmMV8G08k1wQeijyVbsH3ikotmn0RbHRoV0iKwVWl-jiHXGR-l7E5px6H8C23-KI_JorN86NzB1PXJ1jY2VpUhVrZDYo4cp7j83USrxiF-l-tecmxwdi7KjnfZjkLNuHahdMl0NVgSoZ3imIiBYEo-1X7HAD4O1VMS1jMj1apvVfl9pRr3bu6h8ojyJgfbeVTFIy64GSbTx5IStdfxYRpje7YJ94zQ6CTB2GdI27PtwWRotTaQSs2_IwiVOLs.CGlPMCG5ePs2cu0UFvGr3CmAu89u7pXT0Z6sffNo-c8&dib_tag=se&keywords=wall+paint&qid=1775413284&refinements=p_n_feature_three_browse-bin%3A17870886011%2Cp_n_feature_twelve_browse-bin%3A12897841%7C12897931&rnid=2246753011&sprefix=wall+paint%2Caps%2C625&sr=8-9,2026-04-05
"RUST-OLEUM 1 qt Zinsser 271009 White Zinsser, B-I-N Advanced Synthetic Shellac Primer Pack of 1",$24.81,24.81,4.5 out of 5 stars,4.5,"(1,437)",1437.0,Wall Paint,Unknown,In Stock,True,Visit the Rust-Oleum Store,Tools & Home Improvement,https://www.amazon.com/Rust-Oleum-Corporation-271009-Advanced-Synthetic/dp/B00H08IX22/ref=sr_1_11?crid=3E1E8K8OO4Q80&dib=eyJ2IjoiMSJ9.isAICfpjqkN2shfHOMoSgMzAAN825HFEteXtjJEOII0-qNgmMV8G08k1wQeijyVbsH3ikotmn0RbHRoV0iKwVWl-jiHXGR-l7E5px6H8C23-KI_JorN86NzB1PXJ1jY2VpUhVrZDYo4cp7j83USrxiF-l-tecmxwdi7KjnfZjkLNuHahdMl0NVgSoZ3imIiBYEo-1X7HAD4O1VMS1jMj1apvVfl9pRr3bu6h8ojyJgfbeVTFIy64GSbTx5IStdfxYRpje7YJ94zQ6CTB2GdI27PtwWRotTaQSs2_IwiVOLs.CGlPMCG5ePs2cu0UFvGr3CmAu89u7pXT0Z6sffNo-c8&dib_tag=se&keywords=wall+paint&qid=1775413284&refinements=p_n_feature_three_browse-bin%3A17870886011%2Cp_n_feature_twelve_browse-bin%3A12897841%7C12897931&rnid=2246753011&sprefix=wall+paint%2Caps%2C625&sr=8-11,2026-04-05
"Zinsser Rust-OLEUM 249933 1-2-3 Plus, 1 Quarts (Pack of 1), White, 11 Fl Oz",$15.15,15.15,4.6 out of 5 stars,4.6,(653),653.0,Wall Paint,Unknown,In Stock,True,Brand: Zinsser,Tools & Home Improvement,https://www.amazon.com/RUST-OLEUM-249933-1-2-3-Plus-Quart/dp/B003KQDHKG/ref=sr_1_12?crid=3E1E8K8OO4Q80&dib=eyJ2IjoiMSJ9.isAICfpjqkN2shfHOMoSgMzAAN825HFEteXtjJEOII0-qNgmMV8G08k1wQeijyVbsH3ikotmn0RbHRoV0iKwVWl-jiHXGR-l7E5px6H8C23-KI_JorN86NzB1PXJ1jY2VpUhVrZDYo4cp7j83USrxiF-l-tecmxwdi7KjnfZjkLNuHahdMl0NVgSoZ3imIiBYEo-1X7HAD4O1VMS1jMj1apvVfl9pRr3bu6h8ojyJgfbeVTFIy64GSbTx5IStdfxYRpje7YJ94zQ6CTB2GdI27PtwWRotTaQSs2_IwiVOLs.CGlPMCG5ePs2cu0UFvGr3CmAu89u7pXT0Z6sffNo-c8&dib_tag=se&keywords=wall+paint&qid=1775413284&refinements=p_n_feature_three_browse-bin%3A17870886011%2Cp_n_feature_twelve_browse-bin%3A12897841%7C12897931&rnid=2246753011&sprefix=wall+paint%2Caps%2C625&sr=8-12,2026-04-05
"1 gal Modern Masters ME196 Pearl White Metallic Paint Collection, Satin Water-Based Decorative Metallic Paint",$121.29,121.29,4.1 out of 5 stars,4.1,(163),163.0,Wall Paint,Water-Based,In Stock,True,Brand: Modern Masters,Tools & Home Improvement,https://www.amazon.com/Modern-Masters-ME196-GAL-Metallic-Paint/dp/B0006HHJZG/ref=sr_1_13?crid=3E1E8K8OO4Q80&dib=eyJ2IjoiMSJ9.isAICfpjqkN2shfHOMoSgMzAAN825HFEteXtjJEOII0-qNgmMV8G08k1wQeijyVbsH3ikotmn0RbHRoV0iKwVWl-jiHXGR-l7E5px6H8C23-KI_JorN86NzB1PXJ1jY2VpUhVrZDYo4cp7j83USrxiF-l-tecmxwdi7KjnfZjkLNuHahdMl0NVgSoZ3imIiBYEo-1X7HAD4O1VMS1jMj1apvVfl9pRr3bu6h8ojyJgfbeVTFIy64GSbTx5IStdfxYRpje7YJ94zQ6CTB2GdI27PtwWRotTaQSs2_IwiVOLs.CGlPMCG5ePs2cu0UFvGr3CmAu89u7pXT0Z6sffNo-c8&dib_tag=se&keywords=wall+paint&qid=1775413284&refinements=p_n_feature_three_browse-bin%3A17870886011%2Cp_n_feature_twelve_browse-bin%3A12897841%7C12897931&rnid=2246753011&sprefix=wall+paint%2Caps%2C625&sr=8-13,2026-04-05
"Rust-Oleum 7738502 Stops Rust Brush On Paint, Quart, Gloss Hunter Green, (Pack of 1)",$16.99,16.99,4.7 out of 5 stars,4.7,"(13,021)",13021.0,Wall Paint,Unknown,In Stock,True,Visit the Rust-Oleum Store,Tools & Home Improvement,https://www.amazon.com/Rust-Oleum-7738502-Protective-Enamel-32-Ounce/dp/B000SA9AZ8/ref=sr_1_14?crid=3E1E8K8OO4Q80&dib=eyJ2IjoiMSJ9.isAICfpjqkN2shfHOMoSgMzAAN825HFEteXtjJEOII0-qNgmMV8G08k1wQeijyVbsH3ikotmn0RbHRoV0iKwVWl-jiHXGR-l7E5px6H8C23-KI_JorN86NzB1PXJ1jY2VpUhVrZDYo4cp7j83USrxiF-l-tecmxwdi7KjnfZjkLNuHahdMl0NVgSoZ3imIiBYEo-1X7HAD4O1VMS1jMj1apvVfl9pRr3bu6h8ojyJgfbeVTFIy64GSbTx5IStdfxYRpje7YJ94zQ6CTB2GdI27PtwWRotTaQSs2_IwiVOLs.CGlPMCG5ePs2cu0UFvGr3CmAu89u7pXT0Z6sffNo-c8&dib_tag=se&keywords=wall+paint&qid=1775413284&refinements=p_n_feature_three_browse-bin%3A17870886011%2Cp_n_feature_twelve_browse-bin%3A12897841%7C12897931&rnid=2246753011&sprefix=wall+paint%2Caps%2C625&sr=8-14,2026-04-05
"Rust-Oleum Simply Home Interior Wall Paint 339521 - Eggshell Dove Gray, 1 Gallon",$40.58,40.58,3.4 out of 5 stars,3.4,(7),7.0,Wall Paint,Unknown,In Stock,True,Visit the Rust-Oleum Store,Tools & Home Improvement,https://www.amazon.com/Rust-Oleum-Simply-Interior-Paint-339521/dp/B07PX8BLFZ/ref=sr_1_15?crid=3E1E8K8OO4Q80&dib=eyJ2IjoiMSJ9.isAICfpjqkN2shfHOMoSgMzAAN825HFEteXtjJEOII0-qNgmMV8G08k1wQeijyVbsH3ikotmn0RbHRoV0iKwVWl-jiHXGR-l7E5px6H8C23-KI_JorN86NzB1PXJ1jY2VpUhVrZDYo4cp7j83USrxiF-l-tecmxwdi7KjnfZjkLNuHahdMl0NVgSoZ3imIiBYEo-1X7HAD4O1VMS1jMj1apvVfl9pRr3bu6h8ojyJgfbeVTFIy64GSbTx5IStdfxYRpje7YJ94zQ6CTB2GdI27PtwWRotTaQSs2_IwiVOLs.CGlPMCG5ePs2cu0UFvGr3CmAu89u7pXT0Z6sffNo-c8&dib_tag=se&keywords=wall+paint&qid=1775413284&refinements=p_n_feature_three_browse-bin%3A17870886011%2Cp_n_feature_twelve_browse-bin%3A12897841%7C12897931&rnid=2246753011&sprefix=wall+paint%2Caps%2C625&sr=8-15,2026-04-05
"Rust-Oleum 2-Pack of 1 Qt 267332 Canyon Black Painter's Touch 2X Ultra Cover Premium Latex Paint, Satin",$30.50,30.5,Previous set of slides,,,,Wall Paint,Unknown,Only 11 left in stock - order soon.,False,Visit the Rust-Oleum Store,Tools & Home Improvement,https://www.amazon.com/Rust-Oleum-2-Pack-267332-Painters-Premium/dp/B0DFQKNGF2/ref=sr_1_16?crid=3E1E8K8OO4Q80&dib=eyJ2IjoiMSJ9.isAICfpjqkN2shfHOMoSgMzAAN825HFEteXtjJEOII0-qNgmMV8G08k1wQeijyVbsH3ikotmn0RbHRoV0iKwVWl-jiHXGR-l7E5px6H8C23-KI_JorN86NzB1PXJ1jY2VpUhVrZDYo4cp7j83USrxiF-l-tecmxwdi7KjnfZjkLNuHahdMl0NVgSoZ3imIiBYEo-1X7HAD4O1VMS1jMj1apvVfl9pRr3bu6h8ojyJgfbeVTFIy64GSbTx5IStdfxYRpje7YJ94zQ6CTB2GdI27PtwWRotTaQSs2_IwiVOLs.CGlPMCG5ePs2cu0UFvGr3CmAu89u7pXT0Z6sffNo-c8&dib_tag=se&keywords=wall+paint&qid=1775413284&refinements=p_n_feature_three_browse-bin%3A17870886011%2Cp_n_feature_twelve_browse-bin%3A12897841%7C12897931&rnid=2246753011&sprefix=wall+paint%2Caps%2C625&sr=8-16,2026-04-05
"Wall Textured Paint, Includes Roller Brush, Create Variety of Unique Texture Patterns,Cover up Wall Surface Defects, Suitable for both Indoor and Outdoor (Yellow)",$49.99,49.99,4.6 out of 5 stars,4.6,(7),7.0,Wall Paint,Unknown,Only 9 left in stock - order soon.,False,Brand: SoulideDur,"Arts, Crafts & Sewing",https://www.amazon.com/Textured-Variety-Texture-Patterns-Suitable/dp/B0G35JV2WB/ref=sr_1_17?crid=3E1E8K8OO4Q80&dib=eyJ2IjoiMSJ9.isAICfpjqkN2shfHOMoSgMzAAN825HFEteXtjJEOII0-qNgmMV8G08k1wQeijyVbsH3ikotmn0RbHRoV0iKwVWl-jiHXGR-l7E5px6H8C23-KI_JorN86NzB1PXJ1jY2VpUhVrZDYo4cp7j83USrxiF-l-tecmxwdi7KjnfZjkLNuHahdMl0NVgSoZ3imIiBYEo-1X7HAD4O1VMS1jMj1apvVfl9pRr3bu6h8ojyJgfbeVTFIy64GSbTx5IStdfxYRpje7YJ94zQ6CTB2GdI27PtwWRotTaQSs2_IwiVOLs.CGlPMCG5ePs2cu0UFvGr3CmAu89u7pXT0Z6sffNo-c8&dib_tag=se&keywords=wall+paint&qid=1775413284&refinements=p_n_feature_three_browse-bin%3A17870886011%2Cp_n_feature_twelve_browse-bin%3A12897841%7C12897931&rnid=2246753011&sprefix=wall+paint%2Caps%2C625&sr=8-17,2026-04-05
"Zinsser 396242 WaterTite Damp Wall Primer | Direct Use On Damp Concrete Walls | Protection Against Water Leaks, Seepage and Dampness | Quart | White",$25.99,25.99,Previous set of slides,,,,Wall Paint,Unknown,Only 8 left in stock (more on the way).,False,Brand: Zinsser,Tools & Home Improvement,https://www.amazon.com/Zinsser-396242-WaterTite-Concrete-Protection/dp/B0GLNVQN4Q/ref=sr_1_18?crid=3E1E8K8OO4Q80&dib=eyJ2IjoiMSJ9.isAICfpjqkN2shfHOMoSgMzAAN825HFEteXtjJEOII0-qNgmMV8G08k1wQeijyVbsH3ikotmn0RbHRoV0iKwVWl-jiHXGR-l7E5px6H8C23-KI_JorN86NzB1PXJ1jY2VpUhVrZDYo4cp7j83USrxiF-l-tecmxwdi7KjnfZjkLNuHahdMl0NVgSoZ3imIiBYEo-1X7HAD4O1VMS1jMj1apvVfl9pRr3bu6h8ojyJgfbeVTFIy64GSbTx5IStdfxYRpje7YJ94zQ6CTB2GdI27PtwWRotTaQSs2_IwiVOLs.CGlPMCG5ePs2cu0UFvGr3CmAu89u7pXT0Z6sffNo-c8&dib_tag=se&keywords=wall+paint&qid=1775413284&refinements=p_n_feature_three_browse-bin%3A17870886011%2Cp_n_feature_twelve_browse-bin%3A12897841%7C12897931&rnid=2246753011&sprefix=wall+paint%2Caps%2C625&sr=8-18,2026-04-05
"Diamond Brite Paint Oil-Based Enamel Paint 32100-1, High-Hiding Gloss Finish, Interior/Exterior Durable Coating, Multi-Surface Use (Metal, Wood, Masonry), Black, 1 Gallon (128 fl oz)",$49.40,49.4,4.4 out of 5 stars,4.4,(504),504.0,Wall Paint,Oil-Based,In Stock,True,Brand: Diamond Brite Paint,Tools & Home Improvement,https://www.amazon.com/Diamond-Brite-Paint-Gallon-32100-1/dp/B09QNSD58C/ref=sr_1_19?crid=3E1E8K8OO4Q80&dib=eyJ2IjoiMSJ9.isAICfpjqkN2shfHOMoSgMzAAN825HFEteXtjJEOII0-qNgmMV8G08k1wQeijyVbsH3ikotmn0RbHRoV0iKwVWl-jiHXGR-l7E5px6H8C23-KI_JorN86NzB1PXJ1jY2VpUhVrZDYo4cp7j83USrxiF-l-tecmxwdi7KjnfZjkLNuHahdMl0NVgSoZ3imIiBYEo-1X7HAD4O1VMS1jMj1apvVfl9pRr3bu6h8ojyJgfbeVTFIy64GSbTx5IStdfxYRpje7YJ94zQ6CTB2GdI27PtwWRotTaQSs2_IwiVOLs.CGlPMCG5ePs2cu0UFvGr3CmAu89u7pXT0Z6sffNo-c8&dib_tag=se&keywords=wall+paint&qid=1775413284&refinements=p_n_feature_three_browse-bin%3A17870886011%2Cp_n_feature_twelve_browse-bin%3A12897841%7C12897931&rnid=2246753011&sprefix=wall+paint%2Caps%2C625&sr=8-19,2026-04-05
Paint Factory Metallic Paint Bright Silver 300ml,$15.97,15.97,4.2 out of 5 stars,4.2,(491),491.0,Wall Paint,Unknown,Only 9 left in stock - order soon.,False,Brand: Rapide,Tools & Home Improvement,https://www.amazon.com/Paint-Factory-Metallic-Bright-Silver/dp/B07WGV7243/ref=sr_1_20?crid=3E1E8K8OO4Q80&dib=eyJ2IjoiMSJ9.isAICfpjqkN2shfHOMoSgMzAAN825HFEteXtjJEOII0-qNgmMV8G08k1wQeijyVbsH3ikotmn0RbHRoV0iKwVWl-jiHXGR-l7E5px6H8C23-KI_JorN86NzB1PXJ1jY2VpUhVrZDYo4cp7j83USrxiF-l-tecmxwdi7KjnfZjkLNuHahdMl0NVgSoZ3imIiBYEo-1X7HAD4O1VMS1jMj1apvVfl9pRr3bu6h8ojyJgfbeVTFIy64GSbTx5IStdfxYRpje7YJ94zQ6CTB2GdI27PtwWRotTaQSs2_IwiVOLs.CGlPMCG5ePs2cu0UFvGr3CmAu89u7pXT0Z6sffNo-c8&dib_tag=se&keywords=wall+paint&qid=1775413284&refinements=p_n_feature_three_browse-bin%3A17870886011%2Cp_n_feature_twelve_browse-bin%3A12897841%7C12897931&rnid=2246753011&sprefix=wall+paint%2Caps%2C625&sr=8-20,2026-04-05
"NADAMOO Black Multi Surface Touch Up Paint, Interior and Exterior House Appliance Paint for Cabinet, Wall, Door, Furniture, Windows, Shutter and Trim",$9.79,9.79,4.1 out of 5 stars,4.1,(394),394.0,Wall Paint,Unknown,In Stock,True,Visit the NADAMOO Store,Tools & Home Improvement,https://www.amazon.com/NADAMOO-Interior-Exterior-Appliance-Furniture/dp/B0BG77RKDV/ref=sr_1_21?crid=3E1E8K8OO4Q80&dib=eyJ2IjoiMSJ9.isAICfpjqkN2shfHOMoSgMzAAN825HFEteXtjJEOII0-qNgmMV8G08k1wQeijyVbsH3ikotmn0RbHRoV0iKwVWl-jiHXGR-l7E5px6H8C23-KI_JorN86NzB1PXJ1jY2VpUhVrZDYo4cp7j83USrxiF-l-tecmxwdi7KjnfZjkLNuHahdMl0NVgSoZ3imIiBYEo-1X7HAD4O1VMS1jMj1apvVfl9pRr3bu6h8ojyJgfbeVTFIy64GSbTx5IStdfxYRpje7YJ94zQ6CTB2GdI27PtwWRotTaQSs2_IwiVOLs.CGlPMCG5ePs2cu0UFvGr3CmAu89u7pXT0Z6sffNo-c8&dib_tag=se&keywords=wall+paint&qid=1775413284&refinements=p_n_feature_three_browse-bin%3A17870886011%2Cp_n_feature_twelve_browse-bin%3A12897841%7C12897931&rnid=2246753011&sprefix=wall+paint%2Caps%2C625&sr=8-21,2026-04-05
"Rust-Oleum Corporation 01008 Primer Spray, 13-Ounce, White",$16.89,16.89,4.4 out of 5 stars,4.4,(481),481.0,Wall Paint,Unknown,In Stock,True,Visit the Zinsser Store,Tools & Home Improvement,https://www.amazon.com/Rust-Oleum-Corporation-01008-Primer-13-Ounce/dp/B000ZYND0A/ref=sr_1_22?crid=3E1E8K8OO4Q80&dib=eyJ2IjoiMSJ9.isAICfpjqkN2shfHOMoSgMzAAN825HFEteXtjJEOII0-qNgmMV8G08k1wQeijyVbsH3ikotmn0RbHRoV0iKwVWl-jiHXGR-l7E5px6H8C23-KI_JorN86NzB1PXJ1jY2VpUhVrZDYo4cp7j83USrxiF-l-tecmxwdi7KjnfZjkLNuHahdMl0NVgSoZ3imIiBYEo-1X7HAD4O1VMS1jMj1apvVfl9pRr3bu6h8ojyJgfbeVTFIy64GSbTx5IStdfxYRpje7YJ94zQ6CTB2GdI27PtwWRotTaQSs2_IwiVOLs.CGlPMCG5ePs2cu0UFvGr3CmAu89u7pXT0Z6sffNo-c8&dib_tag=se&keywords=wall+paint&qid=1775413284&refinements=p_n_feature_three_browse-bin%3A17870886011%2Cp_n_feature_twelve_browse-bin%3A12897841%7C12897931&rnid=2246753011&sprefix=wall+paint%2Caps%2C625&sr=8-22,2026-04-05
"Zinsser 3608 Cover Stain Oil Base Primer Spray, 13 oz, White",$7.97,7.97,4.6 out of 5 stars,4.6,(610),610.0,Wall Paint,Unknown,In Stock,True,Visit the Zinsser Store,Tools & Home Improvement,https://www.amazon.com/Zinsser-Cover-Stain-Primer-Spray/dp/B0009XCG3W/ref=sr_1_23?crid=3E1E8K8OO4Q80&dib=eyJ2IjoiMSJ9.isAICfpjqkN2shfHOMoSgMzAAN825HFEteXtjJEOII0-qNgmMV8G08k1wQeijyVbsH3ikotmn0RbHRoV0iKwVWl-jiHXGR-l7E5px6H8C23-KI_JorN86NzB1PXJ1jY2VpUhVrZDYo4cp7j83USrxiF-l-tecmxwdi7KjnfZjkLNuHahdMl0NVgSoZ3imIiBYEo-1X7HAD4O1VMS1jMj1apvVfl9pRr3bu6h8ojyJgfbeVTFIy64GSbTx5IStdfxYRpje7YJ94zQ6CTB2GdI27PtwWRotTaQSs2_IwiVOLs.CGlPMCG5ePs2cu0UFvGr3CmAu89u7pXT0Z6sffNo-c8&dib_tag=se&keywords=wall+paint&qid=1775413284&refinements=p_n_feature_three_browse-bin%3A17870886011%2Cp_n_feature_twelve_browse-bin%3A12897841%7C12897931&rnid=2246753011&sprefix=wall+paint%2Caps%2C625&sr=8-23,2026-04-05
"All In One Paint, Off White (Snowdrift), Pint (16oz), ‎Matte, no Sanding, for Refinishing Furniture, Cabinets",$26.99,26.99,4.4 out of 5 stars,4.4,(38),38.0,Wall Paint,Unknown,Only 6 left in stock - order soon.,False,Visit the Oslo Home Store,Tools & Home Improvement,https://www.amazon.com/Oslo-Home-Snowdrift-Refinishing-Furniture/dp/B0CCXWK4PG/ref=sr_1_24?crid=3E1E8K8OO4Q80&dib=eyJ2IjoiMSJ9.isAICfpjqkN2shfHOMoSgMzAAN825HFEteXtjJEOII0-qNgmMV8G08k1wQeijyVbsH3ikotmn0RbHRoV0iKwVWl-jiHXGR-l7E5px6H8C23-KI_JorN86NzB1PXJ1jY2VpUhVrZDYo4cp7j83USrxiF-l-tecmxwdi7KjnfZjkLNuHahdMl0NVgSoZ3imIiBYEo-1X7HAD4O1VMS1jMj1apvVfl9pRr3bu6h8ojyJgfbeVTFIy64GSbTx5IStdfxYRpje7YJ94zQ6CTB2GdI27PtwWRotTaQSs2_IwiVOLs.CGlPMCG5ePs2cu0UFvGr3CmAu89u7pXT0Z6sffNo-c8&dib_tag=se&keywords=wall+paint&qid=1775413284&refinements=p_n_feature_three_browse-bin%3A17870886011%2Cp_n_feature_twelve_browse-bin%3A12897841%7C12897931&rnid=2246753011&sprefix=wall+paint%2Caps%2C625&sr=8-24,2026-04-05
"qt Zinsser 249727 White Zinsser, Smart Prime Water-Based Interior/Exterior Primer/Sealer",$15.39,15.39,4.3 out of 5 stars,4.3,(411),411.0,Wall Paint,Water-Based,In Stock,True,Brand: Zinsser,Tools & Home Improvement,https://www.amazon.com/ZINSSER-249727-Water-Based-Interior-Exterior/dp/B004QAVHWA/ref=sr_1_25?crid=3E1E8K8OO4Q80&dib=eyJ2IjoiMSJ9.isAICfpjqkN2shfHOMoSgMzAAN825HFEteXtjJEOII0-qNgmMV8G08k1wQeijyVbsH3ikotmn0RbHRoV0iKwVWl-jiHXGR-l7E5px6H8C23-KI_JorN86NzB1PXJ1jY2VpUhVrZDYo4cp7j83USrxiF-l-tecmxwdi7KjnfZjkLNuHahdMl0NVgSoZ3imIiBYEo-1X7HAD4O1VMS1jMj1apvVfl9pRr3bu6h8ojyJgfbeVTFIy64GSbTx5IStdfxYRpje7YJ94zQ6CTB2GdI27PtwWRotTaQSs2_IwiVOLs.CGlPMCG5ePs2cu0UFvGr3CmAu89u7pXT0Z6sffNo-c8&dib_tag=se&keywords=wall+paint&qid=1775413284&refinements=p_n_feature_three_browse-bin%3A17870886011%2Cp_n_feature_twelve_browse-bin%3A12897841%7C12897931&rnid=2246753011&sprefix=wall+paint%2Caps%2C625&sr=8-25,2026-04-05
"Pond Armor SKU-GRAY-QT-R Non-Toxic Pond Shield Epoxy Paint, 1.5-Quart, Gray",$51.67,51.67,4.4 out of 5 stars,4.4,(314),314.0,Wall Paint,Unknown,In Stock,True,Brand: Pond Shield,"Patio, Lawn & Garden",https://www.amazon.com/Pond-Armor-SKU-GRAY-QT-R-Non-Toxic-1-5-Quart/dp/B00D31C6U0/ref=sr_1_26?crid=3E1E8K8OO4Q80&dib=eyJ2IjoiMSJ9.isAICfpjqkN2shfHOMoSgMzAAN825HFEteXtjJEOII0-qNgmMV8G08k1wQeijyVbsH3ikotmn0RbHRoV0iKwVWl-jiHXGR-l7E5px6H8C23-KI_JorN86NzB1PXJ1jY2VpUhVrZDYo4cp7j83USrxiF-l-tecmxwdi7KjnfZjkLNuHahdMl0NVgSoZ3imIiBYEo-1X7HAD4O1VMS1jMj1apvVfl9pRr3bu6h8ojyJgfbeVTFIy64GSbTx5IStdfxYRpje7YJ94zQ6CTB2GdI27PtwWRotTaQSs2_IwiVOLs.CGlPMCG5ePs2cu0UFvGr3CmAu89u7pXT0Z6sffNo-c8&dib_tag=se&keywords=wall+paint&qid=1775413284&refinements=p_n_feature_three_browse-bin%3A17870886011%2Cp_n_feature_twelve_browse-bin%3A12897841%7C12897931&rnid=2246753011&sprefix=wall+paint%2Caps%2C625&sr=8-26,2026-04-05
Rustins All Surface All Purpose Paint White 250ml,$10.00,10.0,4.4 out of 5 stars,4.4,"(1,388)",1388.0,Wall Paint,Unknown,In Stock,True,Visit the Rustins Store,Tools & Home Improvement,https://www.amazon.com/Rustins-ASAP-Paint-White-250ml/dp/B01A5YO2BI/ref=sr_1_27?crid=3E1E8K8OO4Q80&dib=eyJ2IjoiMSJ9.isAICfpjqkN2shfHOMoSgMzAAN825HFEteXtjJEOII0-qNgmMV8G08k1wQeijyVbsH3ikotmn0RbHRoV0iKwVWl-jiHXGR-l7E5px6H8C23-KI_JorN86NzB1PXJ1jY2VpUhVrZDYo4cp7j83USrxiF-l-tecmxwdi7KjnfZjkLNuHahdMl0NVgSoZ3imIiBYEo-1X7HAD4O1VMS1jMj1apvVfl9pRr3bu6h8ojyJgfbeVTFIy64GSbTx5IStdfxYRpje7YJ94zQ6CTB2GdI27PtwWRotTaQSs2_IwiVOLs.CGlPMCG5ePs2cu0UFvGr3CmAu89u7pXT0Z6sffNo-c8&dib_tag=se&keywords=wall+paint&qid=1775413284&refinements=p_n_feature_three_browse-bin%3A17870886011%2Cp_n_feature_twelve_browse-bin%3A12897841%7C12897931&rnid=2246753011&sprefix=wall+paint%2Caps%2C625&sr=8-27,2026-04-05
"qt Zinsser 03504 White Zinsser, Cover-Stain Oil-Based Stain Blocker, 450 VOC",$14.99,14.99,4.5 out of 5 stars,4.5,(482),482.0,Wall Paint,Oil-Based,In Stock,True,Brand: Zinsser,Tools & Home Improvement,https://www.amazon.com/Zinsser-03504-Cover-Stain-Oil-Based-Blocker/dp/B000BZX6B4/ref=sr_1_28?crid=3E1E8K8OO4Q80&dib=eyJ2IjoiMSJ9.isAICfpjqkN2shfHOMoSgMzAAN825HFEteXtjJEOII0-qNgmMV8G08k1wQeijyVbsH3ikotmn0RbHRoV0iKwVWl-jiHXGR-l7E5px6H8C23-KI_JorN86NzB1PXJ1jY2VpUhVrZDYo4cp7j83USrxiF-l-tecmxwdi7KjnfZjkLNuHahdMl0NVgSoZ3imIiBYEo-1X7HAD4O1VMS1jMj1apvVfl9pRr3bu6h8ojyJgfbeVTFIy64GSbTx5IStdfxYRpje7YJ94zQ6CTB2GdI27PtwWRotTaQSs2_IwiVOLs.CGlPMCG5ePs2cu0UFvGr3CmAu89u7pXT0Z6sffNo-c8&dib_tag=se&keywords=wall+paint&qid=1775413284&refinements=p_n_feature_three_browse-bin%3A17870886011%2Cp_n_feature_twelve_browse-bin%3A12897841%7C12897931&rnid=2246753011&sprefix=wall+paint%2Caps%2C625&sr=8-28,2026-04-05
"Zinsser 5001 WaterTite Professional Waterproofing Paint, Gallon, White",$55.78,55.78,5.0 out of 5 stars,5.0,(2),2.0,Wall Paint,Unknown,Usually ships within 2 to 3 days,False,Brand: Zinsser,Tools & Home Improvement,https://www.amazon.com/Zinsser-5001-WaterTite-Professional-Waterproofing/dp/B0DW5PCF1W/ref=sr_1_29?crid=3E1E8K8OO4Q80&dib=eyJ2IjoiMSJ9.isAICfpjqkN2shfHOMoSgMzAAN825HFEteXtjJEOII0-qNgmMV8G08k1wQeijyVbsH3ikotmn0RbHRoV0iKwVWl-jiHXGR-l7E5px6H8C23-KI_JorN86NzB1PXJ1jY2VpUhVrZDYo4cp7j83USrxiF-l-tecmxwdi7KjnfZjkLNuHahdMl0NVgSoZ3imIiBYEo-1X7HAD4O1VMS1jMj1apvVfl9pRr3bu6h8ojyJgfbeVTFIy64GSbTx5IStdfxYRpje7YJ94zQ6CTB2GdI27PtwWRotTaQSs2_IwiVOLs.CGlPMCG5ePs2cu0UFvGr3CmAu89u7pXT0Z6sffNo-c8&dib_tag=se&keywords=wall+paint&qid=1775413284&refinements=p_n_feature_three_browse-bin%3A17870886011%2Cp_n_feature_twelve_browse-bin%3A12897841%7C12897931&rnid=2246753011&sprefix=wall+paint%2Caps%2C625&sr=8-29,2026-04-05
"Rust-Oleum 239073 Stops Rust Hammered Finish Paint, Quart, Brown",$23.99,23.99,4.6 out of 5 stars,4.6,"(3,399)",3399.0,Wall Paint,Unknown,In Stock,True,Visit the Rust-Oleum Store,Tools & Home Improvement,https://www.amazon.com/Rust-Oleum-239073-Hammered-1-Quart-Packaging/dp/B000KESBIO/ref=sr_1_30?crid=3E1E8K8OO4Q80&dib=eyJ2IjoiMSJ9.isAICfpjqkN2shfHOMoSgMzAAN825HFEteXtjJEOII0-qNgmMV8G08k1wQeijyVbsH3ikotmn0RbHRoV0iKwVWl-jiHXGR-l7E5px6H8C23-KI_JorN86NzB1PXJ1jY2VpUhVrZDYo4cp7j83USrxiF-l-tecmxwdi7KjnfZjkLNuHahdMl0NVgSoZ3imIiBYEo-1X7HAD4O1VMS1jMj1apvVfl9pRr3bu6h8ojyJgfbeVTFIy64GSbTx5IStdfxYRpje7YJ94zQ6CTB2GdI27PtwWRotTaQSs2_IwiVOLs.CGlPMCG5ePs2cu0UFvGr3CmAu89u7pXT0Z6sffNo-c8&dib_tag=se&keywords=wall+paint&qid=1775413284&refinements=p_n_feature_three_browse-bin%3A17870886011%2Cp_n_feature_twelve_browse-bin%3A12897841%7C12897931&rnid=2246753011&sprefix=wall+paint%2Caps%2C625&sr=8-30,2026-04-05
"1/2 Gallon (67 oz) Gold Acrylic Paint Metallic，Extra-Large 2 Quarts Gold Leaf Paint for Art Painting, Hand-crafts, Non-Toxic, Non-Fading for Canvas, Wood, Fabric, Ceramic, Stone",$29.99,29.99,4.5 out of 5 stars,4.5,(114),114.0,Wall Paint,Unknown,Only 20 left in stock - order soon.,False,Brand: Snailmart,"Arts, Crafts & Sewing",https://www.amazon.com/Snailmart-Metallic%EF%BC%8CExtra-Large-Hand-crafts-Non-Toxic-Non-Fading/dp/B0FX5KJC3C/ref=sr_1_31?crid=3E1E8K8OO4Q80&dib=eyJ2IjoiMSJ9.isAICfpjqkN2shfHOMoSgMzAAN825HFEteXtjJEOII0-qNgmMV8G08k1wQeijyVbsH3ikotmn0RbHRoV0iKwVWl-jiHXGR-l7E5px6H8C23-KI_JorN86NzB1PXJ1jY2VpUhVrZDYo4cp7j83USrxiF-l-tecmxwdi7KjnfZjkLNuHahdMl0NVgSoZ3imIiBYEo-1X7HAD4O1VMS1jMj1apvVfl9pRr3bu6h8ojyJgfbeVTFIy64GSbTx5IStdfxYRpje7YJ94zQ6CTB2GdI27PtwWRotTaQSs2_IwiVOLs.CGlPMCG5ePs2cu0UFvGr3CmAu89u7pXT0Z6sffNo-c8&dib_tag=se&keywords=wall+paint&qid=1775413284&refinements=p_n_feature_three_browse-bin%3A17870886011%2Cp_n_feature_twelve_browse-bin%3A12897841%7C12897931&rnid=2246753011&sprefix=wall+paint%2Caps%2C625&sr=8-31,2026-04-05
"Sunnyside 70332M M-1 Latex Paint Additive & Extender, 1 Quart",$10.98,10.98,5.0 out of 5 stars,5.0,(2),2.0,Wall Paint,Unknown,,False,Brand: Sunnyside Corporation,Tools & Home Improvement,https://www.amazon.com/Sunnyside-70332M-Latex-Additive-Extender/dp/B0FF875YBZ/ref=sr_1_32?crid=3E1E8K8OO4Q80&dib=eyJ2IjoiMSJ9.isAICfpjqkN2shfHOMoSgMzAAN825HFEteXtjJEOII0-qNgmMV8G08k1wQeijyVbsH3ikotmn0RbHRoV0iKwVWl-jiHXGR-l7E5px6H8C23-KI_JorN86NzB1PXJ1jY2VpUhVrZDYo4cp7j83USrxiF-l-tecmxwdi7KjnfZjkLNuHahdMl0NVgSoZ3imIiBYEo-1X7HAD4O1VMS1jMj1apvVfl9pRr3bu6h8ojyJgfbeVTFIy64GSbTx5IStdfxYRpje7YJ94zQ6CTB2GdI27PtwWRotTaQSs2_IwiVOLs.CGlPMCG5ePs2cu0UFvGr3CmAu89u7pXT0Z6sffNo-c8&dib_tag=se&keywords=wall+paint&qid=1775413284&refinements=p_n_feature_three_browse-bin%3A17870886011%2Cp_n_feature_twelve_browse-bin%3A12897841%7C12897931&rnid=2246753011&sprefix=wall+paint%2Caps%2C625&sr=8-32,2026-04-05
"Viva Decor Chalk Paint (Sunlight Green) 8.45oz - Chalky Finish Paint for Furniture, Walls & Decor, Matte Finish, Water-based, High Pigment, Perfect for Shabby Chic & Vintage Looks. Suitable for Wood",$12.95,12.95,3.9 out of 5 stars,3.9,(156),156.0,Wall Paint,Water-Based,Only 20 left in stock - order soon.,False,Brand: Viva Decor,Tools & Home Improvement,https://www.amazon.com/Viva-Decor-Chalk-Sunlight-8-45oz/dp/B0751C6RHZ/ref=sr_1_33?crid=3E1E8K8OO4Q80&dib=eyJ2IjoiMSJ9.isAICfpjqkN2shfHOMoSgMzAAN825HFEteXtjJEOII0-qNgmMV8G08k1wQeijyVbsH3ikotmn0RbHRoV0iKwVWl-jiHXGR-l7E5px6H8C23-KI_JorN86NzB1PXJ1jY2VpUhVrZDYo4cp7j83USrxiF-l-tecmxwdi7KjnfZjkLNuHahdMl0NVgSoZ3imIiBYEo-1X7HAD4O1VMS1jMj1apvVfl9pRr3bu6h8ojyJgfbeVTFIy64GSbTx5IStdfxYRpje7YJ94zQ6CTB2GdI27PtwWRotTaQSs2_IwiVOLs.CGlPMCG5ePs2cu0UFvGr3CmAu89u7pXT0Z6sffNo-c8&dib_tag=se&keywords=wall+paint&qid=1775413284&refinements=p_n_feature_three_browse-bin%3A17870886011%2Cp_n_feature_twelve_browse-bin%3A12897841%7C12897931&rnid=2246753011&sprefix=wall+paint%2Caps%2C625&sr=8-33,2026-04-05
"DAP Spray Texture Orange Peel Water Based 2n1 Wall & Ceiling Texture Spray with Aim Tech Nozzle, White, 25 Oz (7079850005)",$13.25,13.25,2.2 out of 5 stars,2.2,(111),111.0,Wall Paint,Water-Based,Only 1 left in stock - order soon.,False,Visit the DAP Store,Tools & Home Improvement,https://www.amazon.com/DAP-Texture-Orange-Ceiling-7079850005/dp/B0CC3WZN79/ref=sr_1_34?crid=3E1E8K8OO4Q80&dib=eyJ2IjoiMSJ9.isAICfpjqkN2shfHOMoSgMzAAN825HFEteXtjJEOII0-qNgmMV8G08k1wQeijyVbsH3ikotmn0RbHRoV0iKwVWl-jiHXGR-l7E5px6H8C23-KI_JorN86NzB1PXJ1jY2VpUhVrZDYo4cp7j83USrxiF-l-tecmxwdi7KjnfZjkLNuHahdMl0NVgSoZ3imIiBYEo-1X7HAD4O1VMS1jMj1apvVfl9pRr3bu6h8ojyJgfbeVTFIy64GSbTx5IStdfxYRpje7YJ94zQ6CTB2GdI27PtwWRotTaQSs2_IwiVOLs.CGlPMCG5ePs2cu0UFvGr3CmAu89u7pXT0Z6sffNo-c8&dib_tag=se&keywords=wall+paint&qid=1775413284&refinements=p_n_feature_three_browse-bin%3A17870886011%2Cp_n_feature_twelve_browse-bin%3A12897841%7C12897931&rnid=2246753011&sprefix=wall+paint%2Caps%2C625&sr=8-34,2026-04-05
"Rust-Oleum 372274- Painter's Touch 2X Ultra Cover Spray Paint, 12 oz, Sand Dollar",$8.66,8.66,4.7 out of 5 stars,4.7,"(94,082)",94082.0,Wall Paint,Unknown,In Stock,True,Visit the Rust-Oleum Store,Tools & Home Improvement,https://www.amazon.com/Rustoleum-Painters-Touch-372274-Dollar/dp/B0CDJ4N5JK/ref=sr_1_35?crid=3E1E8K8OO4Q80&dib=eyJ2IjoiMSJ9.isAICfpjqkN2shfHOMoSgMzAAN825HFEteXtjJEOII0-qNgmMV8G08k1wQeijyVbsH3ikotmn0RbHRoV0iKwVWl-jiHXGR-l7E5px6H8C23-KI_JorN86NzB1PXJ1jY2VpUhVrZDYo4cp7j83USrxiF-l-tecmxwdi7KjnfZjkLNuHahdMl0NVgSoZ3imIiBYEo-1X7HAD4O1VMS1jMj1apvVfl9pRr3bu6h8ojyJgfbeVTFIy64GSbTx5IStdfxYRpje7YJ94zQ6CTB2GdI27PtwWRotTaQSs2_IwiVOLs.CGlPMCG5ePs2cu0UFvGr3CmAu89u7pXT0Z6sffNo-c8&dib_tag=se&keywords=wall+paint&qid=1775413284&refinements=p_n_feature_three_browse-bin%3A17870886011%2Cp_n_feature_twelve_browse-bin%3A12897841%7C12897931&rnid=2246753011&sprefix=wall+paint%2Caps%2C625&sr=8-35,2026-04-05
MICROBAN 1.5 oz. Fungicidal Paint Additive - Resists Mold & Mildew,$5.98,5.98,4.7 out of 5 stars,4.7,(95),95.0,Wall Paint,Unknown,In Stock,True,Visit the MICROBAN Store,Tools & Home Improvement,https://www.amazon.com/MICROBAN-1-5-Fungicidal-Paint-Additive/dp/B0CV84CCK7/ref=sr_1_36?crid=3E1E8K8OO4Q80&dib=eyJ2IjoiMSJ9.isAICfpjqkN2shfHOMoSgMzAAN825HFEteXtjJEOII0-qNgmMV8G08k1wQeijyVbsH3ikotmn0RbHRoV0iKwVWl-jiHXGR-l7E5px6H8C23-KI_JorN86NzB1PXJ1jY2VpUhVrZDYo4cp7j83USrxiF-l-tecmxwdi7KjnfZjkLNuHahdMl0NVgSoZ3imIiBYEo-1X7HAD4O1VMS1jMj1apvVfl9pRr3bu6h8ojyJgfbeVTFIy64GSbTx5IStdfxYRpje7YJ94zQ6CTB2GdI27PtwWRotTaQSs2_IwiVOLs.CGlPMCG5ePs2cu0UFvGr3CmAu89u7pXT0Z6sffNo-c8&dib_tag=se&keywords=wall+paint&qid=1775413284&refinements=p_n_feature_three_browse-bin%3A17870886011%2Cp_n_feature_twelve_browse-bin%3A12897841%7C12897931&rnid=2246753011&sprefix=wall+paint%2Caps%2C625&sr=8-36,2026-04-05
"GRANOTONE Chalk Paint for Furniture | Matt-Finish Water-Based Acrylic Paint for Wood, Walls, Metal, Glass, Paper, Fabric Canvas | Maximum Coverage Chalk Paint for Kids & Adults, 120 Ml (TERRACOTTA)",$15.00,15.0,4.2 out of 5 stars,4.2,(548),548.0,Wall Paint,Water-Based,In Stock,True,Visit the GRANOTONE Store,Tools & Home Improvement,https://www.amazon.com/GRANOTONE-Furniture-Matt-Finish-Water-Based-TERRACOTTA/dp/B0BSXGLZB6/ref=sr_1_37?crid=3E1E8K8OO4Q80&dib=eyJ2IjoiMSJ9.isAICfpjqkN2shfHOMoSgMzAAN825HFEteXtjJEOII0-qNgmMV8G08k1wQeijyVbsH3ikotmn0RbHRoV0iKwVWl-jiHXGR-l7E5px6H8C23-KI_JorN86NzB1PXJ1jY2VpUhVrZDYo4cp7j83USrxiF-l-tecmxwdi7KjnfZjkLNuHahdMl0NVgSoZ3imIiBYEo-1X7HAD4O1VMS1jMj1apvVfl9pRr3bu6h8ojyJgfbeVTFIy64GSbTx5IStdfxYRpje7YJ94zQ6CTB2GdI27PtwWRotTaQSs2_IwiVOLs.CGlPMCG5ePs2cu0UFvGr3CmAu89u7pXT0Z6sffNo-c8&dib_tag=se&keywords=wall+paint&qid=1775413284&refinements=p_n_feature_three_browse-bin%3A17870886011%2Cp_n_feature_twelve_browse-bin%3A12897841%7C12897931&rnid=2246753011&sprefix=wall+paint%2Caps%2C625&sr=8-37,2026-04-05
"Touch up Paint, Matte White Finish, for Cabinets, 1.76 Fl OZ Multi Surface Touch Up Paint Pen for Scratch Repair for Wall, Door, Wood, Furniture, Interior and Exterior House Paint (Matte White)",$8.99,8.99,3.9 out of 5 stars,3.9,(39),39.0,Wall Paint,Unknown,Only 9 left in stock - order soon.,False,Visit the Ach Xlac Store,Tools & Home Improvement,https://www.amazon.com/Cabinets-Surface-Furniture-Interior-Exterior/dp/B0C7T6CZW4/ref=sr_1_38?crid=3E1E8K8OO4Q80&dib=eyJ2IjoiMSJ9.isAICfpjqkN2shfHOMoSgMzAAN825HFEteXtjJEOII0-qNgmMV8G08k1wQeijyVbsH3ikotmn0RbHRoV0iKwVWl-jiHXGR-l7E5px6H8C23-KI_JorN86NzB1PXJ1jY2VpUhVrZDYo4cp7j83USrxiF-l-tecmxwdi7KjnfZjkLNuHahdMl0NVgSoZ3imIiBYEo-1X7HAD4O1VMS1jMj1apvVfl9pRr3bu6h8ojyJgfbeVTFIy64GSbTx5IStdfxYRpje7YJ94zQ6CTB2GdI27PtwWRotTaQSs2_IwiVOLs.CGlPMCG5ePs2cu0UFvGr3CmAu89u7pXT0Z6sffNo-c8&dib_tag=se&keywords=wall+paint&qid=1775413284&refinements=p_n_feature_three_browse-bin%3A17870886011%2Cp_n_feature_twelve_browse-bin%3A12897841%7C12897931&rnid=2246753011&sprefix=wall+paint%2Caps%2C625&sr=8-38,2026-04-05
"Rust-Oleum 242018-2PK Painter's Touch Latex Paint, Quart, Satin Espresso, 1 Quarts (Pack of 2)",$33.98,33.98,4.4 out of 5 stars,4.4,(880),880.0,Wall Paint,Unknown,In Stock,True,Visit the Rust-Oleum Store,Tools & Home Improvement,https://www.amazon.com/Rust-Oleum-242018-2PK-Painters-Touch-Espresso/dp/B08D28WDL1/ref=sr_1_39?crid=3E1E8K8OO4Q80&dib=eyJ2IjoiMSJ9.isAICfpjqkN2shfHOMoSgMzAAN825HFEteXtjJEOII0-qNgmMV8G08k1wQeijyVbsH3ikotmn0RbHRoV0iKwVWl-jiHXGR-l7E5px6H8C23-KI_JorN86NzB1PXJ1jY2VpUhVrZDYo4cp7j83USrxiF-l-tecmxwdi7KjnfZjkLNuHahdMl0NVgSoZ3imIiBYEo-1X7HAD4O1VMS1jMj1apvVfl9pRr3bu6h8ojyJgfbeVTFIy64GSbTx5IStdfxYRpje7YJ94zQ6CTB2GdI27PtwWRotTaQSs2_IwiVOLs.CGlPMCG5ePs2cu0UFvGr3CmAu89u7pXT0Z6sffNo-c8&dib_tag=se&keywords=wall+paint&qid=1775413284&refinements=p_n_feature_three_browse-bin%3A17870886011%2Cp_n_feature_twelve_browse-bin%3A12897841%7C12897931&rnid=2246753011&sprefix=wall+paint%2Caps%2C625&sr=8-39,2026-04-05
"Rust-Oleum 379561 Specialty Camouflage Paint, Quart, Flat Army Green, (Pack of 1)",$20.78,20.78,4.4 out of 5 stars,4.4,(400),400.0,Wall Paint,Unknown,In Stock,True,Visit the Rust-Oleum Store,Tools & Home Improvement,https://www.amazon.com/Rust-Oleum-379561-Specialty-Camouflage-Paint/dp/B0B6XTR3VZ/ref=sr_1_40?crid=3E1E8K8OO4Q80&dib=eyJ2IjoiMSJ9.isAICfpjqkN2shfHOMoSgMzAAN825HFEteXtjJEOII0-qNgmMV8G08k1wQeijyVbsH3ikotmn0RbHRoV0iKwVWl-jiHXGR-l7E5px6H8C23-KI_JorN86NzB1PXJ1jY2VpUhVrZDYo4cp7j83USrxiF-l-tecmxwdi7KjnfZjkLNuHahdMl0NVgSoZ3imIiBYEo-1X7HAD4O1VMS1jMj1apvVfl9pRr3bu6h8ojyJgfbeVTFIy64GSbTx5IStdfxYRpje7YJ94zQ6CTB2GdI27PtwWRotTaQSs2_IwiVOLs.CGlPMCG5ePs2cu0UFvGr3CmAu89u7pXT0Z6sffNo-c8&dib_tag=se&keywords=wall+paint&qid=1775413284&refinements=p_n_feature_three_browse-bin%3A17870886011%2Cp_n_feature_twelve_browse-bin%3A12897841%7C12897931&rnid=2246753011&sprefix=wall+paint%2Caps%2C625&sr=8-40,2026-04-05
"1 gal Modern Masters ME289 Brass Metallic Paint Collection, Satin Water-Based Decorative Metallic Paint",$129.99,129.99,4.7 out of 5 stars,4.7,(12),12.0,Wall Paint,Water-Based,Only 3 left in stock (more on the way).,False,Brand: Modern Masters,Tools & Home Improvement,https://www.amazon.com/Modern-Masters-Collection-Water-Based-Decorative/dp/B0006HHJTW/ref=sr_1_41?crid=3E1E8K8OO4Q80&dib=eyJ2IjoiMSJ9.isAICfpjqkN2shfHOMoSgMzAAN825HFEteXtjJEOII0-qNgmMV8G08k1wQeijyVbsH3ikotmn0RbHRoV0iKwVWl-jiHXGR-l7E5px6H8C23-KI_JorN86NzB1PXJ1jY2VpUhVrZDYo4cp7j83USrxiF-l-tecmxwdi7KjnfZjkLNuHahdMl0NVgSoZ3imIiBYEo-1X7HAD4O1VMS1jMj1apvVfl9pRr3bu6h8ojyJgfbeVTFIy64GSbTx5IStdfxYRpje7YJ94zQ6CTB2GdI27PtwWRotTaQSs2_IwiVOLs.CGlPMCG5ePs2cu0UFvGr3CmAu89u7pXT0Z6sffNo-c8&dib_tag=se&keywords=wall+paint&qid=1775413284&refinements=p_n_feature_three_browse-bin%3A17870886011%2Cp_n_feature_twelve_browse-bin%3A12897841%7C12897931&rnid=2246753011&sprefix=wall+paint%2Caps%2C625&sr=8-41,2026-04-05
"Zinsser 272479-6PK Bulls Eye 1-2-3 Plus Spray Primer, 13 oz, White, 6 Pack",$50.88,50.88,4.7 out of 5 stars,4.7,"(2,142)",2142.0,Wall Paint,Unknown,In Stock,True,Visit the Zinsser Store,Tools & Home Improvement,https://www.amazon.com/Zinsser-272479-6PK-Bulls-1-2-3-Primer/dp/B0BLZMP22Q/ref=sr_1_42?crid=3E1E8K8OO4Q80&dib=eyJ2IjoiMSJ9.isAICfpjqkN2shfHOMoSgMzAAN825HFEteXtjJEOII0-qNgmMV8G08k1wQeijyVbsH3ikotmn0RbHRoV0iKwVWl-jiHXGR-l7E5px6H8C23-KI_JorN86NzB1PXJ1jY2VpUhVrZDYo4cp7j83USrxiF-l-tecmxwdi7KjnfZjkLNuHahdMl0NVgSoZ3imIiBYEo-1X7HAD4O1VMS1jMj1apvVfl9pRr3bu6h8ojyJgfbeVTFIy64GSbTx5IStdfxYRpje7YJ94zQ6CTB2GdI27PtwWRotTaQSs2_IwiVOLs.CGlPMCG5ePs2cu0UFvGr3CmAu89u7pXT0Z6sffNo-c8&dib_tag=se&keywords=wall+paint&qid=1775413284&refinements=p_n_feature_three_browse-bin%3A17870886011%2Cp_n_feature_twelve_browse-bin%3A12897841%7C12897931&rnid=2246753011&sprefix=wall+paint%2Caps%2C625&sr=8-42,2026-04-05
Rust-Oleum 2-Pack of 1 Qt 1994502 Almond Painter's Touch 2X Ultra Cover Premium Latex Paint,$38.52,38.52,5.0 out of 5 stars,5.0,(2),2.0,Wall Paint,Unknown,In Stock,True,Visit the Rust-Oleum Store,Tools & Home Improvement,https://www.amazon.com/Rust-Oleum-2-Pack-1994502-Painters-Premium/dp/B0DFQF1VQ3/ref=sr_1_43?crid=3E1E8K8OO4Q80&dib=eyJ2IjoiMSJ9.isAICfpjqkN2shfHOMoSgMzAAN825HFEteXtjJEOII0-qNgmMV8G08k1wQeijyVbsH3ikotmn0RbHRoV0iKwVWl-jiHXGR-l7E5px6H8C23-KI_JorN86NzB1PXJ1jY2VpUhVrZDYo4cp7j83USrxiF-l-tecmxwdi7KjnfZjkLNuHahdMl0NVgSoZ3imIiBYEo-1X7HAD4O1VMS1jMj1apvVfl9pRr3bu6h8ojyJgfbeVTFIy64GSbTx5IStdfxYRpje7YJ94zQ6CTB2GdI27PtwWRotTaQSs2_IwiVOLs.CGlPMCG5ePs2cu0UFvGr3CmAu89u7pXT0Z6sffNo-c8&dib_tag=se&keywords=wall+paint&qid=1775413284&refinements=p_n_feature_three_browse-bin%3A17870886011%2Cp_n_feature_twelve_browse-bin%3A12897841%7C12897931&rnid=2246753011&sprefix=wall+paint%2Caps%2C625&sr=8-43,2026-04-05
"Paint Boothcoat 1780 Clear - Fast Drying, Water-Based Over Spray Collector for Interior Paint Booth Walls. Water Rinseable, Effective for Coatings, Adhesive, Wax, Greases, and Oils - 5 Gallon",$118.75,118.75,3.0 out of 5 stars,3.0,(1),1.0,Wall Paint,Water-Based,Usually ships within 13 to 14 days,False,Brand: DeckGeneral,Tools & Home Improvement,https://www.amazon.com/Paint-Boothcoat-1780-Clear-Water-Based/dp/B0CKBMZF97/ref=sr_1_44?crid=3E1E8K8OO4Q80&dib=eyJ2IjoiMSJ9.isAICfpjqkN2shfHOMoSgMzAAN825HFEteXtjJEOII0-qNgmMV8G08k1wQeijyVbsH3ikotmn0RbHRoV0iKwVWl-jiHXGR-l7E5px6H8C23-KI_JorN86NzB1PXJ1jY2VpUhVrZDYo4cp7j83USrxiF-l-tecmxwdi7KjnfZjkLNuHahdMl0NVgSoZ3imIiBYEo-1X7HAD4O1VMS1jMj1apvVfl9pRr3bu6h8ojyJgfbeVTFIy64GSbTx5IStdfxYRpje7YJ94zQ6CTB2GdI27PtwWRotTaQSs2_IwiVOLs.CGlPMCG5ePs2cu0UFvGr3CmAu89u7pXT0Z6sffNo-c8&dib_tag=se&keywords=wall+paint&qid=1775413284&refinements=p_n_feature_three_browse-bin%3A17870886011%2Cp_n_feature_twelve_browse-bin%3A12897841%7C12897931&rnid=2246753011&sprefix=wall+paint%2Caps%2C625&sr=8-44,2026-04-05
"1 gal Modern Masters ME194 Iridescent Gold Metallic Paint Collection, Satin Water-Based Decorative Metallic Paint",$129.99,129.99,4.4 out of 5 stars,4.4,(10),10.0,Wall Paint,Water-Based,Only 5 left in stock (more on the way).,False,Brand: Modern Masters,Tools & Home Improvement,https://www.amazon.com/Modern-Masters-Iridescent-Collection-Water-Based/dp/B0006HHJZ6/ref=sr_1_45?crid=3E1E8K8OO4Q80&dib=eyJ2IjoiMSJ9.isAICfpjqkN2shfHOMoSgMzAAN825HFEteXtjJEOII0-qNgmMV8G08k1wQeijyVbsH3ikotmn0RbHRoV0iKwVWl-jiHXGR-l7E5px6H8C23-KI_JorN86NzB1PXJ1jY2VpUhVrZDYo4cp7j83USrxiF-l-tecmxwdi7KjnfZjkLNuHahdMl0NVgSoZ3imIiBYEo-1X7HAD4O1VMS1jMj1apvVfl9pRr3bu6h8ojyJgfbeVTFIy64GSbTx5IStdfxYRpje7YJ94zQ6CTB2GdI27PtwWRotTaQSs2_IwiVOLs.CGlPMCG5ePs2cu0UFvGr3CmAu89u7pXT0Z6sffNo-c8&dib_tag=se&keywords=wall+paint&qid=1775413284&refinements=p_n_feature_three_browse-bin%3A17870886011%2Cp_n_feature_twelve_browse-bin%3A12897841%7C12897931&rnid=2246753011&sprefix=wall+paint%2Caps%2C625&sr=8-45,2026-04-05
"White Ceramic tub and tile Paint Refinishing Kit Bathtub Bathroom wall Paint floor,Resurfacing Sink Tub wate、Ceramic walls in the bathroom rproof Kitchen Countertop, Low Odor(50-60sq.ft)",$36.98,36.98,4.3 out of 5 stars,4.3,(11),11.0,Wall Paint,Unknown,In Stock,True,Visit the STF ShangTianFeng Store,Tools & Home Improvement,https://www.amazon.com/Refinishing-Usecountertop-Resurfacing-wate%E3%80%81rproof-100-120sq-ft/dp/B0CYZTKSPD/ref=sr_1_46?crid=3E1E8K8OO4Q80&dib=eyJ2IjoiMSJ9.isAICfpjqkN2shfHOMoSgMzAAN825HFEteXtjJEOII0-qNgmMV8G08k1wQeijyVbsH3ikotmn0RbHRoV0iKwVWl-jiHXGR-l7E5px6H8C23-KI_JorN86NzB1PXJ1jY2VpUhVrZDYo4cp7j83USrxiF-l-tecmxwdi7KjnfZjkLNuHahdMl0NVgSoZ3imIiBYEo-1X7HAD4O1VMS1jMj1apvVfl9pRr3bu6h8ojyJgfbeVTFIy64GSbTx5IStdfxYRpje7YJ94zQ6CTB2GdI27PtwWRotTaQSs2_IwiVOLs.CGlPMCG5ePs2cu0UFvGr3CmAu89u7pXT0Z6sffNo-c8&dib_tag=se&keywords=wall+paint&qid=1775413284&refinements=p_n_feature_three_browse-bin%3A17870886011%2Cp_n_feature_twelve_browse-bin%3A12897841%7C12897931&rnid=2246753011&sprefix=wall+paint%2Caps%2C625&sr=8-46,2026-04-05
"Oil Village 1702qt Acrylic Latex Paint Colonial White, 1 Quart",$52.00,52.0,4.3 out of 5 stars,4.3,(11),11.0,Wall Paint,Unknown,In Stock,True,Visit the Old Village Store,Tools & Home Improvement,https://www.amazon.com/Old-Village-1702QT-Paint-Colonial/dp/B000Z95QZ0/ref=sr_1_47?crid=3E1E8K8OO4Q80&dib=eyJ2IjoiMSJ9.isAICfpjqkN2shfHOMoSgMzAAN825HFEteXtjJEOII0-qNgmMV8G08k1wQeijyVbsH3ikotmn0RbHRoV0iKwVWl-jiHXGR-l7E5px6H8C23-KI_JorN86NzB1PXJ1jY2VpUhVrZDYo4cp7j83USrxiF-l-tecmxwdi7KjnfZjkLNuHahdMl0NVgSoZ3imIiBYEo-1X7HAD4O1VMS1jMj1apvVfl9pRr3bu6h8ojyJgfbeVTFIy64GSbTx5IStdfxYRpje7YJ94zQ6CTB2GdI27PtwWRotTaQSs2_IwiVOLs.CGlPMCG5ePs2cu0UFvGr3CmAu89u7pXT0Z6sffNo-c8&dib_tag=se&keywords=wall+paint&qid=1775413284&refinements=p_n_feature_three_browse-bin%3A17870886011%2Cp_n_feature_twelve_browse-bin%3A12897841%7C12897931&rnid=2246753011&sprefix=wall+paint%2Caps%2C625&sr=8-47,2026-04-05
"Touch up Paint Container Touch up Cups Paint Storage Cups with Lids Storage Containers Airtight Container with Stainless Steel Mixing Ball for Repainting Leftover, 13 oz(4 Pieces)",$19.99,19.99,4.3 out of 5 stars,4.3,(320),320.0,Wall Paint,Unknown,In Stock,True,Visit the Geiserailie Store,Tools & Home Improvement,https://www.amazon.com/Container-Containers-Airtight-Stainless-Repainting/dp/B08ZMPDKJM/ref=sr_1_48?crid=3E1E8K8OO4Q80&dib=eyJ2IjoiMSJ9.isAICfpjqkN2shfHOMoSgMzAAN825HFEteXtjJEOII0-qNgmMV8G08k1wQeijyVbsH3ikotmn0RbHRoV0iKwVWl-jiHXGR-l7E5px6H8C23-KI_JorN86NzB1PXJ1jY2VpUhVrZDYo4cp7j83USrxiF-l-tecmxwdi7KjnfZjkLNuHahdMl0NVgSoZ3imIiBYEo-1X7HAD4O1VMS1jMj1apvVfl9pRr3bu6h8ojyJgfbeVTFIy64GSbTx5IStdfxYRpje7YJ94zQ6CTB2GdI27PtwWRotTaQSs2_IwiVOLs.CGlPMCG5ePs2cu0UFvGr3CmAu89u7pXT0Z6sffNo-c8&dib_tag=se&keywords=wall+paint&qid=1775413284&refinements=p_n_feature_three_browse-bin%3A17870886011%2Cp_n_feature_twelve_browse-bin%3A12897841%7C12897931&rnid=2246753011&sprefix=wall+paint%2Caps%2C625&sr=8-48,2026-04-05
